Company_Name,Category,Website,Contact_Department,Target_Email,Recommended_Service,Custom_Pitch_Hook
"Gate.io","Crypto Exchange","https://www.gate.io","Business & Marketing","business@gate.com","Elite Tier-1 Blitz (Cointelegraph, CoinDesk, Bloomberg)","Pitching your new token listing volumes and proof-of-reserves transparency to Tier-1 financial media."
"Bitget","Crypto Exchange","https://www.bitget.com","Media & PR","media@bitget.com","Forbes & Cointelegraph Dual Editorial","Highlighting Bitget's copy-trading dominance and European expansion in Forbes Council."
"MEXC Global","Crypto Exchange","https://www.mexc.com","Media & PR","media@mexc.com","Cointelegraph ($6,999) + 8-Portal Syndication","Fast 24h editorial turnaround for upcoming launchpad projects and zero-fee trading milestones."
"KuCoin","Crypto Exchange","https://www.kucoin.com","Media & Communications","media@kucoin.com","Institutional Authority Elite ($12,000)","Cementing institutional trust and global regulatory compliance across Bloomberg and Yahoo Finance."
"Bybit","Crypto Exchange","https://www.bybit.com","Media Relations","media@bybit.com","CoinDesk ($8,000) Guaranteed Editorial","Positioning Bybit's institutional derivatives market share on CoinDesk and Bloomberg."
"OKX","Crypto Exchange / Web3 Wallet","https://www.okx.com","Media Desk","media@okx.com","CoinDesk + Cointelegraph Duo","Amplifying OKX Web3 wallet onchain adoption and DEX aggregator volume to global retail traders."
"BingX","Crypto Exchange","https://www.bingx.com","Media & BD","media@bingx.com","Financial Growth Surge ($4,500)","Broad financial syndication across Yahoo Finance and Benzinga for crypto derivatives expansion."
"BingX Partnerships","Crypto Exchange","https://www.bingx.com","Business Partnerships","partnership@bingx.com","Strategic PR Package A ($7,500)","Securing guaranteed dofollow organic backlinks to accelerate global SEO and trader acquisition."
"Coinstore","Crypto Exchange","https://www.coinstore.com","Global Marketing","marketing@coinstore.com","Web3 Starter ($1,400) + Cointelegraph","Promoting emerging market exchange liquidity and IEO launches across top Southeast Asian crypto media."
"Phemex","Crypto Exchange","https://www.phemex.com","PR & Marketing","media@phemex.com","Cointelegraph Feature ($6,999)","Covering decentralized governance and semi-centralized exchange innovations for professional traders."
"Phemex BD","Crypto Exchange","https://www.phemex.com","Institutional BD","bd@phemex.com","Financial Wire Package ($4,500)","Highlighting VIP trader tier benefits and institutional API connectivity in high-DA financial media."
"BitMart","Crypto Exchange","https://www.bitmart.com","Marketing & Growth","marketing@bitmart.com","Web3 Starter Package ($1,400)","Instant 24-48h press releases for new primary listings and community trading competitions."
"CoinEx","Crypto Exchange","https://www.coinex.com","Global PR","PR@coinex.com","Cointelegraph ($6,999) + Crypto Slate","Showcasing CoinEx user-friendly trading ecosystem and global 10M+ registered user milestone."
"CoinEx BD","Crypto Exchange","https://www.coinex.com","Business Development","bd@coinex.com","Financial Growth Package ($4,500)","Institutional syndication to attract market makers, liquidity providers, and broker affiliates."
"PrimeXBT","Multi-Asset Trading (Crypto & Forex)","https://www.primexbt.com","Press & Media","pr@primexbt.com","Forbes ($7,500) + Bloomberg Feature","Positioning PrimeXBT as the premier all-in-one crypto, forex, and commodities trading hub."
"PrimeXBT Partnerships","Multi-Asset Trading","https://www.primexbt.com","Global Partnerships","partners@primexbt.com","Tier-1 Financial PR Blitz ($12,000)","Targeted B2B coverage to recruit institutional affiliates and high-net-worth introducing brokers."
"TON Foundation","Web3 & Layer 1","https://ton.org","Press & Media","press@ton.foundation","CoinDesk ($8,000) + Forbes Feature","Highlighting Telegram ecosystem integration, Mini-Apps volume, and 900M user Web3 onboarding."
"TON Foundation General","Web3 & Layer 1","https://ton.org","Ecosystem Partnerships","info@ton.foundation","Global Authority Elite ($20,000)","Multi-outlet editorial blitz covering institutional validator expansion and cross-chain liquidity."
"TRON Network","Layer 1 Blockchain","https://tron.network","Press Office","press@tron.network","Cointelegraph ($6,999) + Bloomberg Wire","Showcasing USDT dominance on TRON, daily active wallet counts, and gas fee reductions."
"Solana Labs","Layer 1 Blockchain","https://solana.com","Press & Communications","press@solana.com","Forbes ($7,500) & CoinDesk Feature","Promoting high-throughput DeFi volumes, mobile stack updates, and institutional pay integrations."
"Ripple","Enterprise Web3 & Payments","https://ripple.com","Corporate Press","press@ripple.com","Financial Media Authority ($15,000)","Enterprise cross-border settlement milestones across Forbes, Bloomberg, and Reuters syndication."
"Mysten Labs (Sui Network)","Layer 1 Blockchain","https://mystenlabs.com","Press & Media","press@mystenlabs.com","CoinDesk ($8,000) + Cointelegraph","Highlighting Move programming language performance, gaming partnerships, and TVL explosion."
"Ava Labs (Avalanche)","Layer 1 Blockchain","https://www.avax.network","Media Relations","press@avalabs.org","Cointelegraph ($6,999) + Yahoo Finance","Spotlighting Avalanche Evergreen subnets for Wall Street asset tokenization and institutional pilots."
"Aptos Labs","Layer 1 Blockchain","https://aptoslabs.com","Press Office","press@aptoslabs.com","Entrepreneur ($8,500) + Cointelegraph","Covering Web3 consumer app integrations and strategic cloud partnership announcements."
"Chainlink Labs","Oracle & Interoperability Protocol","https://chain.link","Press & Media","press@chainlinklabs.com","Forbes ($7,500) + Bloomberg Feature","Showcasing CCIP (Cross-Chain Interoperability Protocol) adoption by global traditional banks."
"NEAR Foundation","Layer 1 & Chain Abstraction","https://near.foundation","Global Communications","press@near.foundation","CoinDesk ($8,000) + Financial Wire","Positioning NEAR's chain abstraction vision and user-owned AI initiatives to tech editors."
"Pepperstone","Forex Broker","https://pepperstone.com","Media & Press Office","media@pepperstone.com","Forbes Council Editorial ($7,500)","Positioning Pepperstone's razor-spread institutional execution and market analysis in Forbes."
"IC Markets","Forex Broker","https://www.icmarkets.com","Marketing Desk","marketing@icmarkets.com","Financial Growth Surge ($4,500)","Multi-wire financial coverage on Yahoo Finance, Benzinga, and MarketWatch for ECN liquidity."
"IC Markets Partners","Forex Broker","https://www.icmarkets.com","Partnerships & IBs","partners@icmarkets.com","Financial PR Package ($6,500)","Recruiting professional fund managers and introducing brokers through high-DA finance press."
"Vantage Markets","Forex Broker","https://www.vantagemarkets.com","Strategic Partnerships","partnerships@vantagemarkets.com","Entrepreneur ($8,500) + Financial Wire","Covering Vantage's multi-regulated brand story, social trading app, and global partner ecosystem."
"FP Markets","Forex Broker","https://www.fpmarkets.com","Partners & Marketing","partners@fpmarkets.com","Financial Growth Package ($4,500)","Targeted dofollow backlinks and Google News indexing to solidify European and Australian market trust."
"BlackBull Markets","Forex Broker","https://blackbull.com","Institutional Partnerships","partners@blackbull.com","Forbes Council ($7,500) + Yahoo Finance","Highlighting ultra-low latency institutional connectivity and prime broker infrastructure."
"BlackBull Affiliates","Forex Broker","https://blackbull.com","Affiliate Marketing","affiliates@blackbull.com","Strategic Financial Wire ($3,500)","High-conversion affiliate launch announcements syndicated across Tier-1 financial portals."
"Tickmill","Forex Broker","https://www.tickmill.com","Support & Media Routing","support@tickmill.com","Financial Growth Surge ($4,500)","Showcasing low commissions and multi-asset trading tools to retail traders across Asia and MENA."
"RoboForex","Forex Broker","https://roboforex.com","Partnerships & Marketing","partners@roboforex.com","High-DA SEO Backlink Package ($2,500)","Permanent editorial placements to boost Google Page 1 rankings for competitive broker keywords."
"AvaTrade Partners","Forex Broker","https://www.avatrade.com","AvaPartner Marketing","support@avapartner.com","Forbes ($7,500) + Benzinga Editorial","Reinforcing AvaTrade's multi-continental regulatory licensing and AvaProtect risk tools."
"FTMO","Prop Trading Firm","https://ftmo.com","Press & Media","media@ftmo.com","Forbes ($7,500) + Entrepreneur ($8,500)","Positioning FTMO as the undisputed pioneer and gold standard in funded trader evaluations."
"FundedNext","Prop Trading Firm","https://fundednext.com","Communications & PR","communications@fundednext.com","Tier-1 Financial Wire + Yahoo Finance","Announcing funded payout milestones ($100M+) and trader success stories to global finance media."
"FundedNext Partnerships","Prop Trading Firm","https://fundednext.com","Global Partnerships","partner@fundednext.com","Financial Growth Package ($4,500)","Attracting international trading academies, prop affiliates, and regional ambassadors."
"E8 Markets","Prop Trading Firm","https://e8markets.com","Partnerships & Media","support@e8markets.com","Bloomberg + Yahoo Finance Duo ($5,500)","Covering customizable evaluation models and automated payout technology in mainstream tech news."
"Funded Trading Plus","Prop Trading Firm","https://www.fundedtradingplus.com","Partners & Marketing","partners@fundedtradingplus.com","Financial Wire Package ($3,500)","Promoting instant funding rules and zero-time-limit challenges to aspiring forex traders."
"Alpha Capital Group","Prop Trading Firm","https://alphacapitalgroup.uk","Management & PR","info@alphacapitalgroup.uk","Cointelegraph + Yahoo Finance","Showcasing institutional raw spreads, custom proprietary trading tech, and free educational tools."
"Goat Funded Trader","Prop Trading Firm","https://goatfundedtrader.com","Partnerships","partners@goatfundedtrader.com","High-DA Fintech PR Package ($3,000)","Driving viral community traction, trader interviews, and Discord community scaling."
"LBank Exchange","Crypto Exchange","https://www.lbank.com","Media & Press","press@lbank.com","Cointelegraph ($6,999) + Financial Wire","Highlighting LBank's institutional liquidity depth and global trading market share."
"BingX Business Development","Crypto Exchange","https://www.bingx.com","Global BD","bd@bingx.com","Financial Wire Package ($4,500)","Pitching copy trading features and new VIP broker partnerships to financial allocators."
"Blofin","Crypto Exchange","https://www.blofin.com","Media & PR","media@blofin.com","Cointelegraph ($6,999) + CryptoSlate","Covering advanced futures trading security, Merkle tree reserves, and institutional APIs."
"Bitunix","Crypto Exchange","https://www.bitunix.com","Media Office","media@bitunix.com","Web3 Starter ($1,400) + Yahoo Finance","Fast-tracking derivatives exchange growth and global user acquisition milestones."
"Margex","Crypto Derivatives","https://margex.com","PR & Media","pr@margex.com","Cointelegraph Feature ($6,999)","Promoting ultra-low latency leverage trading and automated staking yield products."
"XT.com","Crypto Exchange","https://www.xt.com","Media Desk","media@xt.com","Financial Growth Package ($4,500)","Announcing social trading ecosystem upgrades and new primary token listing support."
"Exness Global","Forex Broker","https://www.exness.com","Corporate Communications","support@exness.com","Forbes Council ($7,500) + Bloomberg Feature","Highlighting multi-trillion dollar monthly trading volume and instant withdrawal technology."
"HFM (HotForex)","Forex Broker","https://www.hfm.com","Partnerships & Marketing","partners@hfm.com","Financial Growth Surge ($4,500)","Recruiting master affiliates and institutional introducing brokers across LATAM and Asia."
"Axi","Forex Broker","https://www.axi.com","Partnerships Desk","partners@axi.com","Entrepreneur ($8,500) + Financial Wire","Showcasing Axi Select funded trader allocation program and institutional execution."
"BDSwiss","Forex Broker","https://www.bdswiss.com","Partnerships & Media","partners@bdswiss.com","High-DA Backlink Package ($3,500)","Permanent Tier-1 media authority to solidify European and Middle Eastern regulatory trust."
"MultiBank Group","Forex & Financial Derivatives","https://multibankfx.com","Institutional Partnerships","partners@multibankfx.com","Forbes ($7,500) + Bloomberg Wire","Showcasing global banking licenses and over $12B daily turnover to institutional clients."
"Eightcap","Forex Broker","https://www.eightcap.com","Partners & Growth","partners@eightcap.com","Financial Wire Package ($4,500)","Positioning Eightcap as the preferred broker infrastructure for global prop trading firms."
"Arbitrum Foundation","Layer 2 Blockchain","https://arbitrum.foundation","Press Office","press@arbitrum.foundation","CoinDesk ($8,000) + Cointelegraph","Covering Arbitrum Orbit chains, gaming subnets, and Layer 2 TVL dominance."
"Optimism Foundation","Layer 2 Blockchain","https://www.optimism.io","Media & Press","press@optimism.io","Forbes ($7,500) + Tech Wire","Showcasing the Superchain network effect, Base integration, and public goods funding."
"Injective Labs","Layer 1 DeFi Blockchain","https://injective.com","Press & Ecosystem","contact@injectivelabs.org","Cointelegraph ($6,999) + Yahoo Finance","Highlighting native onchain order books, zero gas fee trading, and institutional liquidity."
"Sui Foundation","Layer 1 Blockchain","https://sui.io","Communications Office","press@sui.io","CoinDesk ($8,000) + Bloomberg Feature","Covering record-breaking parallel execution benchmarks and institutional enterprise custody."